{
  "args0": [
    {
      "type": "field_input",
      "name": "model",
      "text": "ENTITYRenderer.ModelMODELNAME"
    },
    {
      "type": "input_value",
      "name": "text",
      "check": "String"
    },
    {
      "type": "field_dropdown",
      "name": "last_line",
      "options": [
        [
          "true",
          "true"
        ],
        [
          "false",
          "false"
        ]
      ]
    }
  ],
  "inputsInline": true,
  "previousStatement": null,
  "nextStatement": null,
  "colour": "#792f79",
  "mcreator": {
    "toolbox_id": "deprecated_kcr_procedures",
    "toolbox_init": [
      "<value name=\"text\"><block type=\"text\"><field name=\"TEXT\">your_mod_id:textures/entities/texturename.png</field></block></value>"
    ],
    "inputs": [
      "text"
    ],
    "fields": [
      "model",
      "last_line"
    ],
    "required_apis": [
      "kleidersplayerrenderer"
    ]
  }
}