{
  "args0": [
    {
      "type": "input_value",
      "name": "xscale",
      "check": "Number"
    },
    {
      "type": "input_value",
      "name": "yscale",
      "check": "Number"
    },
    {
      "type": "input_value",
      "name": "zscale",
      "check": "Number"
    }
  ],
  "inputsInline": true,
  "previousStatement": null,
  "nextStatement": null,
  "colour": "#da005a",
  "mcreator": {
    "toolbox_id": "kleiderscustomrenderer",
    "toolbox_init": [
      "<value name=\"xscale\"><block type=\"math_number\"><field name=\"NUM\">1</field></block></value>",
      "<value name=\"yscale\"><block type=\"math_number\"><field name=\"NUM\">1</field></block></value>",
      "<value name=\"zscale\"><block type=\"math_number\"><field name=\"NUM\">1</field></block></value>"
    ],
    "inputs": [
      "xscale",
      "yscale",
      "zscale"
    ]
  }
}