{
  "args0": [
    {
      "type": "field_input",
      "name": "model",
      "text": "MODELNAME"
    },
    {
      "type": "input_value",
      "name": "texture",
      "check": "String"
    }
  ],
  "inputsInline": true,
  "previousStatement": null,
  "nextStatement": null,
  "colour": "#b02e2e",
  "mcreator": {
    "toolbox_id": "kleiderscustomrenderer",
    "toolbox_init": [
      "<value name=\"texture\"><block type=\"text\"><field name=\"TEXT\">your_mod_id:textures/entities/texturename.png</field></block></value>"
    ],
    "inputs": [
      "texture"
    ],
    "fields": [
      "model"
    ]
  }
}