{
  "args0": [
    {
      "type": "field_input",
      "name": "model",
      "text": "MODELNAME"
    },
    {
      "type": "input_value",
      "name": "text",
      "check": "String"
    }
  ],
  "inputsInline": true,
  "previousStatement": null,
  "nextStatement": null,
  "colour": "#da00a6",
  "mcreator": {
    "toolbox_id": "kleiderscustomrenderer",
    "toolbox_init": [
      "<value name=\"text\"><block type=\"text\"><field name=\"TEXT\">your_mod_id:textures/entities/texturename.png</field></block></value>"
    ],
    "inputs": [
      "text"
    ],
    "fields": [
      "model"
    ],
    "required_apis": [
      "kleidersplayerrenderer"
    ]
  }
}