{
  "args0": [
    {
      "type": "input_value",
      "name": "entity",
      "check": "Entity"
    },
    {
      "type": "field_data_list_selector",
      "name": "scale",
      "datalist": "scales"
    }
  ],
  "inputsInline": true,
  "output": "Number",
  "colour": "#92ab1c",
  "mcreator": {
    "toolbox_id": "pehkui",
    "toolbox_init": [
      "<value name=\"entity\"><block type=\"entity_from_deps\"></block></value>"
    ],
    "inputs": [
      "entity"
    ],
    "fields": [
      "scale"
    ],
    "required_apis": [
      "pehkui"
    ]
  }
}