{
  "args0": [
    {
      "type": "input_value",
      "name": "entity",
      "check": "Entity"
    },
    {
      "type": "field_data_list_selector",
      "name": "scale",
      "datalist": "scales"
    },
    {
      "type": "input_value",
      "name": "persistance",
      "check": "Boolean"
    }
  ],
  "inputsInline": true,
  "previousStatement": null,
  "nextStatement": null,
  "colour": "#7f912a",
  "mcreator": {
    "toolbox_id": "pehkui",
    "toolbox_init": [
      "<value name=\"entity\"><block type=\"entity_from_deps\"></block></value>",
      "<value name=\"persistance\"><block type=\"logic_boolean\"><field name=\"BOOL\">TRUE</field></block></value>"
    ],
    "inputs": [
      "entity",
      "persistance"
    ],
    "fields": [
      "scale"
    ],
    "required_apis": [
      "pehkui"
    ]
  }
}